Ticker,Name,Sector,Region,P/E Ratio,P/B Ratio,P/S Ratio,Revenue Growth (%),Earnings Growth (%),Profit Margin (%),Free Cash Flow,Div_2025,Momentum 6M (%),Momentum 12M (%),Value Score,Growth Score,Momentum Score,Overall AI Score
010130.KS,KOREA ZINC,Materials,South Korea,,,1.74,39.8,0.0,4.67,-1601723039744.0,0.0,80.92,90.32,4,3,1,2
NEM,Newmont Corporation,Materials,US,14.99,3.08,4.61,20.6,-4.6,31.25,9496750080.0,1.01,17.81,104.91,3,2,1,2
1U1.DE,1&1 AG                        I,Telecom & Media,Germany,32.61,0.68,0.99,6.9,244.4,4.01,459942880.0,0.0,12.38,59.06,3,2,2,2
9503.T,KANSAI ELECTRIC POWER CO INC,Utilities,Japan,6.64,0.85,0.7,0.0,0.0,9.64,0.0,60.0,17.38,39.66,1,4,2,2
9502.T,CHUBU ELECTRIC POWER CO INC,Utilities,Japan,8.76,0.65,0.54,-7.5,79.4,6.63,0.0,65.0,23.82,54.42,1,4,1,2
9531.T,TOKYO GAS CO,Utilities,Japan,14.14,1.54,0.86,0.0,0.0,7.31,0.0,95.0,28.34,49.1,1,4,1,2
ENEL.MI,ENEL,Utilities,Europe,15.22,3.09,1.14,0.0,0.0,5.26,456624992.0,0.0,20.73,33.47,2,3,2,2
015760.KS,KEPCO,Utilities,South Korea,,,0.32,0.7,30.3,8.77,4298089431040.0,0.0,33.24,130.75,3,2,1,2
D,"Dominion Energy, Inc.",Utilities,US,17.11,1.86,3.16,20.4,365.5,18.16,-9005875200.0,2.67,1.4,13.9,2,2,3,2
RWE.DE,RWE AG                        I,Utilities,Germany,13.07,1.17,2.18,-42.3,0.0,17.05,-10805749760.0,1.2,58.48,81.06,1,4,1,2
ENR.DE,Siemens Energy AG             N,Utilities,Germany,65.47,10.69,3.02,8.2,240.5,4.76,3722500096.0,0.7,48.41,130.44,4,2,1,2
TEG.DE,TAG Immobilien AG             I,Real Estate,Germany,6.05,0.74,2.41,20.1,0.0,9.32,39483000.0,0.4,-11.2,4.32,1,2,4,2
8801.T,MITSUI FUDOSAN,Real Estate,Japan,16.13,1.56,1.69,22.2,22.4,11.08,0.0,33.0,11.8,38.14,2,2,2,2
8802.T,MITSUBISHI ESTATE CO,Real Estate,Japan,29.59,2.24,3.25,14.8,81.3,13.78,0.0,45.0,40.87,96.82,3,2,1,2
3289.T,TOKYU FUDOSAN HOLDINGS CORPORAT,Real Estate,Japan,9.43,1.17,0.81,0.0,0.0,7.57,0.0,41.5,11.97,39.71,1,4,2,2
URW.PA,UNIBAIL-RODAMCO-WESTFIELD,Real Estate,Europe,10.78,0.85,3.8,-3.8,638.3,35.75,1571837440.0,4.5,7.19,28.41,2,2,2,2
034020.KS,Doosan Enerbility,Energy & Ind.,South Korea,,,4.18,14.3,0.0,-0.61,34542227456.0,0.0,76.21,329.8,4,2,1,2
329180.KS,HD HYUNDAI HEAVY INDUSTRIES,Energy & Ind.,South Korea,,,3.58,22.4,496.7,7.88,4000203931648.0,0.0,11.66,88.34,4,1,2,2
S92.DE,SMA Solar Technology AG       I,Technology,Germany,,3.39,0.85,49.8,0.0,-18.5,301317248.0,0.0,81.61,78.96,3,2,1,2
UTDI.DE,UNITED INTERNET AG            N,Technology,Germany,37.26,1.03,0.74,0.0,0.0,2.05,266276496.0,0.4,-1.59,41.81,2,3,2,2
DRW3.DE,DRAEGERWERK VZO O.N.,Technology,Germany,13.3,1.04,0.47,7.6,0.0,3.54,134075624.0,2.03,30.38,48.89,1,3,1,2
JEN.DE,JENOPTIK AG                   N,Technology,Germany,20.96,1.47,1.35,-7.1,-19.6,6.89,72475376.0,0.38,46.1,7.76,1,4,2,2
NDX1.DE,Nordex SE                     I,Technology,Germany,40.21,8.41,1.42,15.8,746.1,3.63,683935488.0,0.0,117.21,178.94,3,1,1,2
9104.T,MITSUI O.S.K. LINES LTD,Energy & Ind.,Japan,8.34,0.89,1.33,13.8,-44.6,13.1,0.0,265.0,45.65,33.3,1,4,1,2
TTE.PA,TOTALENERGIES,Energy & Ind.,Europe,15.42,1.66,0.9,-2.5,-22.8,7.2,13514500096.0,3.99,51.64,38.93,2,4,1,2
ENEL.MI,ENEL,Energy & Ind.,Europe,15.22,3.09,1.14,0.0,0.0,5.26,456624992.0,0.0,20.73,33.47,2,3,2,2
DG.PA,VINCI,Energy & Ind.,Europe,14.33,2.24,0.91,5.2,6.8,6.48,7772125184.0,5.0,6.75,8.58,2,2,3,2
MT.AS,ARCELORMITTAL SA,Energy & Ind.,Europe,11.83,0.68,0.52,1.7,0.0,5.14,-2181750016.0,0.6,38.82,45.37,1,4,1,2
8031.T,MITSUI & CO,Energy & Ind.,Japan,19.84,2.12,1.26,-1.5,-20.4,6.13,-749869268992.0,105.0,73.98,116.59,2,5,1,2
8058.T,MITSUBISHI CORP,Energy & Ind.,Japan,30.77,2.2,1.08,9.9,27.8,3.98,-344219877376.0,105.0,58.71,97.56,3,3,1,2
6301.T,KOMATSU,Energy & Ind.,Japan,14.12,1.68,1.41,3.5,-11.5,9.83,128016121856.0,202.0,24.46,43.33,2,3,1,2
8001.T,ITOCHU CORP,Energy & Ind.,Japan,15.22,2.24,0.97,-0.3,-12.4,6.2,403272859648.0,40.0,18.25,40.43,2,4,2,2
8002.T,MARUBENI CORP,Energy & Ind.,Japan,15.95,2.18,1.09,7.7,-31.5,6.19,177832493056.0,100.0,58.32,119.46,2,3,1,2
6326.T,KUBOTA CORP,Energy & Ind.,Japan,15.8,1.12,0.97,10.3,41.0,6.18,128486752256.0,50.0,43.91,34.98,2,2,1,2
SBRY.L,SAINSBURY (J) PLC ORD 28 4/7P,Technology,UK,18.5,119.4,0.22,2.8,123.3,0.99,393375008.0,0.14,2.44,40.62,2,2,2,2
6501.T,HITACHI,Technology,Japan,28.99,3.45,2.13,10.1,21.3,8.02,0.0,45.0,18.41,31.43,2,3,2,2
6981.T,MURATA MANUFACTURING CO,Technology,Japan,36.36,2.61,3.83,4.3,-64.1,10.65,170220879872.0,60.0,52.49,52.19,3,4,1,2
6954.T,FANUC CORPORATION,Technology,Japan,35.21,3.09,6.63,9.5,12.7,19.35,0.0,101.21,43.55,37.65,3,3,1,2
SHEL.L,SHELL PLC ORD EUR0.07,Energy & Ind.,UK,15.33,150.2,0.72,-3.3,376.2,6.68,22734874624.0,1.45,29.85,24.94,3,2,2,2
RIO.L,RIO TINTO PLC ORD 10P,Energy & Ind.,UK,13.79,217.63,1.76,14.6,-5.6,17.29,3495749888.0,4.02,33.12,29.05,3,3,2,2
GLEN.L,GLENCORE PLC ORD USD0.01,Energy & Ind.,UK,260.05,208.95,0.25,14.3,0.0,0.15,5955874816.0,0.17,62.99,67.82,4,2,1,2
GD,General Dynamics Corporation,Energy & Ind.,US,22.37,3.64,1.78,7.8,0.4,8.01,3357250048.0,6.0,7.6,33.8,3,2,2,2
RWE.DE,RWE AG                        I,Energy & Ind.,Germany,13.07,1.17,2.18,-42.3,0.0,17.05,-10805749760.0,1.2,58.48,81.06,2,4,1,2
LMT,Lockheed Martin Corporation,Energy & Ind.,US,29.16,21.38,1.93,9.1,161.0,6.68,5281625088.0,13.35,34.38,46.59,4,2,1,2
RTX,RTX Corporation,Energy & Ind.,US,40.03,4.08,3.01,12.1,8.3,7.6,6456249856.0,2.67,26.14,52.23,4,2,1,2
AD.AS,KONINKLIJKE AHOLD DELHAIZE N.V.,Consumer,Europe,16.34,2.55,0.39,0.9,56.4,2.45,3464750080.0,1.24,20.82,23.68,2,2,2,2
ABI.BR,AB INBEV,Consumer,Europe,20.19,1.53,1.94,4.8,63.3,11.53,10525875200.0,1.35,18.75,3.96,3,2,3,2
000270.KS,KIA CORP.,Consumer,South Korea,,,0.57,3.5,-14.2,6.62,1879376658432.0,0.0,59.72,75.52,3,3,1,2
7269.T,SUZUKI MOTOR CORP,Consumer,Japan,9.46,1.12,0.61,15.7,20.5,6.78,86606372864.0,43.0,-6.53,4.15,2,2,4,2
7202.T,ISUZU MOTORS,Consumer,Japan,12.71,1.11,0.48,6.7,32.6,3.99,29770500096.0,92.0,20.97,21.56,2,2,2,2
2503.T,KIRIN HOLDINGS COMPANY LIMITED,Consumer,Japan,13.59,1.56,0.82,6.0,0.0,6.06,75326996480.0,74.0,14.38,23.42,2,3,2,2
6503.T,MITSUBISHI ELECTRIC CORP,Technology,Japan,28.74,2.7,1.98,4.9,-14.9,6.59,252386869248.0,55.0,49.81,87.78,2,3,1,2
6723.T,RENESAS ELECTRONICS CORP,Technology,Japan,,1.86,3.44,20.1,-9.0,-3.92,244618493952.0,28.0,45.72,8.59,3,2,2,2
6902.T,DENSO CORP,Technology,Japan,15.06,0.97,0.7,5.0,25.6,5.16,54976000000.0,64.0,-9.59,-2.73,1,2,4,2
NOKIA.HE,Nokia Corporation,Technology,Europe,62.87,1.84,1.94,2.4,-40.8,3.27,499124992.0,0.14,73.5,44.48,3,4,1,2
ERIC-B.ST,"Ericsson, Telefonab. L M ser. B",Technology,Europe,12.47,3.23,1.49,-5.0,79.2,12.01,18859999232.0,3.0,42.85,30.41,1,3,2,2
SBRY.L,SAINSBURY (J) PLC ORD 28 4/7P,Consumer,UK,18.5,119.4,0.22,2.8,123.3,0.99,393375008.0,0.14,2.44,40.62,3,2,2,2
MAR,Marriott International,Consumer,US,33.66,-22.54,12.14,6.3,1.6,37.25,1673250048.0,2.64,19.59,35.91,3,2,2,2
HOT.DE,HOCHTIEF AG                   I,Consumer,Germany,32.37,23.01,0.76,4.1,25.4,2.36,1767965824.0,6.6,67.59,127.99,4,2,1,2
GLE.PA,SOCIETE GENERALE,Finance,Europe,8.97,0.66,1.78,0.5,49.2,23.28,0.0,1.61,8.5,49.19,1,3,2,2
105560.KS,KBFinancialGroup,Finance,South Korea,,,3.5,31.8,8.9,36.72,0.0,0.0,43.58,95.15,4,3,1,2
055550.KS,ShinhanGroup,Finance,South Korea,,,2.96,21.6,35.0,31.62,0.0,0.0,52.41,113.46,4,2,1,2
086790.KS,HANAFINANCIALGR,Finance,South Korea,,,2.5,82.9,0.0,32.32,0.0,0.0,38.71,90.43,4,3,1,2
032830.KS,SAMSUNG LIFE,Finance,South Korea,,,1.19,29.4,187.0,6.61,-35525444501504.0,0.0,51.94,179.24,3,2,1,2
8591.T,ORIX CORPORATION,Finance,Japan,11.38,1.14,1.66,12.5,36.6,15.0,0.0,151.6,23.97,53.7,2,3,1,2
8725.T,MS&AD INS GP HLDGS,Finance,Japan,8.35,1.29,0.83,-6.7,2.1,10.22,0.0,110.0,17.32,21.63,1,4,2,2
8750.T,DAI-ICHI LIFE HOLDINGS INC,Finance,Japan,12.66,1.25,0.52,15.6,35.0,4.6,0.0,43.0,14.43,25.95,2,2,2,2
8604.T,NOMURA HOLDINGS INC.,Finance,Japan,10.32,0.98,1.74,9.9,-8.7,17.63,0.0,51.0,14.39,33.62,1,4,2,2
8601.T,DAIWA SECURITIES GROUP,Finance,Japan,13.55,1.19,2.81,21.3,0.1,21.35,0.0,57.0,24.76,44.26,2,3,1,2
7182.T,JAPAN POST BANK CO LTD,Finance,Japan,21.65,0.99,5.19,7.0,62.4,27.07,0.0,58.0,36.48,70.68,3,3,1,2
8308.T,RESONA HOLDINGS,Finance,Japan,16.72,1.37,3.7,24.3,46.5,24.78,0.0,28.0,17.8,30.73,3,2,2,2
BNP.PA,BNP PARIBAS ACT.A,Finance,Europe,7.98,0.79,1.91,9.7,33.9,25.5,0.0,5.16,7.61,14.34,1,3,3,2
INGA.AS,ING GROEP N.V.,Finance,Europe,10.34,1.18,2.58,118.2,3977.7,34.03,0.0,1.09,0.81,27.12,2,2,3,2
005930.KS,SamsungElec,Technology,South Korea,,,4.0,23.8,162.2,13.27,23944373469184.0,0.0,181.49,238.37,4,1,1,2
000660.KS,SK hynix,Technology,South Korea,,,7.16,66.1,85.2,44.18,17581313359872.0,0.0,250.55,382.32,4,1,1,2
066570.KS,LGELECTRONICS,Technology,South Korea,,,0.24,4.8,0.0,1.08,1445404737536.0,0.0,55.95,44.2,3,3,1,2
028260.KS,SAMSUNG C&T,Technology,South Korea,,,1.19,8.4,68.0,5.99,-47558209536.0,0.0,68.63,142.55,3,3,1,2
JNJ,Johnson & Johnson,Healthcare,US,21.32,6.95,6.02,9.1,48.6,28.46,16633249792.0,5.14,35.15,47.85,4,2,1,2
PRU.L,PRUDENTIAL PLC ORD 5P,Finance,UK,9.32,178.27,1.85,14.5,30.8,27.57,5727499776.0,0.27,3.36,33.31,3,2,2,2
8316.T,SUMITOMO MITSUI FINANCIAL GROUP,Finance,Japan,13.79,1.26,5.31,21.8,14.1,20.73,0.0,140.0,27.4,33.95,3,3,2,2
CB,Chubb Limited,Finance,US,12.56,1.71,2.11,5.5,27.9,17.29,12136875008.0,3.82,18.12,11.39,3,2,2,2
HNR1.DE,HANNOVER RUECK SE NA O.N.,Finance,Germany,11.88,2.43,1.21,18.7,34.1,10.19,2900312576.0,12.5,5.86,-1.07,2,2,3,2
TLX.DE,Talanx AG                     N,Finance,Germany,11.46,2.0,0.59,37.7,34.1,5.41,5313287168.0,3.6,-7.38,9.69,2,1,4,2
BMY,Bristol-Myers Squibb Company,Healthcare,US,16.61,6.34,2.43,1.3,1392.1,14.64,11146874880.0,2.49,30.96,-1.12,3,2,3,2
CVS,CVS Health Corporation,Healthcare,US,51.42,1.21,0.23,8.4,76.6,0.44,5929500160.0,2.66,-3.02,10.67,2,2,3,2
128940.KS,HanmiPharm,Healthcare,South Korea,,,4.84,0.1,29.4,7.95,95113674752.0,0.0,92.77,131.4,4,3,1,2
4516.T,NIPPON SHINYAKU CO,Healthcare,Japan,10.57,1.19,2.03,13.1,-17.2,17.98,5011999744.0,124.0,54.81,27.38,1,3,1,2
UCB.BR,UCB,Healthcare,Europe,30.67,4.32,6.06,26.6,26.3,20.13,1825874944.0,1.45,20.65,38.54,4,2,2,2
IPN.PA,IPSEN,Healthcare,Europe,28.07,2.85,3.14,9.3,-3.9,11.29,651950016.0,1.4,31.46,35.86,3,3,1,2
SDR.L,SCHRODERS PLC ORD 20P,Healthcare,UK,16.84,204.1,2.6,15.5,84.9,15.81,1214824960.0,0.22,51.41,51.5,3,1,1,2
4503.T,ASTELLAS PHARMA,Healthcare,Japan,34.25,2.42,2.07,10.4,0.0,15.67,301368999936.0,76.0,45.4,67.49,3,2,1,2
4502.T,TAKEDA PHARMACEUTICAL CO LTD,Healthcare,Japan,81.3,1.19,2.04,4.2,330.2,2.53,536711266304.0,198.0,29.81,32.89,3,2,2,2
4507.T,SHIONOGI & CO,Healthcare,Japan,16.78,1.89,6.16,23.5,47.4,41.86,0.0,9.33,28.28,50.69,3,2,1,2
4578.T,OTSUKA HLDGS CO LTD,Healthcare,Japan,15.65,1.87,2.29,8.4,-55.9,14.71,191032754176.0,140.0,29.9,36.56,2,3,2,2
4506.T,SUMITOMO PHARMA CO LTD,Healthcare,Japan,4.76,2.55,1.63,7.3,-83.5,24.28,40298999808.0,0.0,10.65,156.86,2,3,1,2
4528.T,ONO PHARMACEUTICAL CO,Healthcare,Japan,20.96,1.31,2.17,4.2,93.1,12.25,64341999616.0,80.0,38.12,47.2,2,2,1,2
BAYN.DE,Bayer AG                      N,Healthcare,Germany,,1.45,0.83,-2.5,0.0,-7.94,8533000192.0,0.11,39.58,60.74,2,3,1,2
FRE.DE,Fresenius SE & Co. KGaA       I,Healthcare,Germany,21.31,1.32,1.1,5.9,82.4,5.09,1452125056.0,1.0,-6.8,13.06,2,2,3,2
M12.DE,M1 Kliniken AG                I,Healthcare,Germany,15.31,2.29,0.77,9.4,18.9,5.0,38983932.0,0.5,0.41,3.14,1,2,3,2
DRW3.DE,DRAEGERWERK VZO O.N.,Healthcare,Germany,13.3,1.04,0.47,7.6,0.0,3.54,134075624.0,2.03,30.38,48.89,1,3,1,2
GSK.L,GSK PLC ORD 31 1/4P,Healthcare,UK,14.03,477.95,2.39,6.2,54.7,17.5,3284124928.0,0.66,30.58,29.14,3,2,2,2
GOOGL,Alphabet Inc.,Technology,US,27.84,8.76,9.04,18.0,31.1,32.81,38088376320.0,0.83,18.33,84.18,4,2,1,2
AMD,"Advanced Micro Devices, Inc.",Technology,US,76.84,5.21,9.48,34.1,217.1,12.52,4587250176.0,0.0,27.92,89.15,4,1,1,2
BAYN.DE,Bayer AG                      N,Materials,Germany,,1.45,0.83,-2.5,0.0,-7.94,8533000192.0,0.11,39.58,60.74,3,3,1,2
KWS.DE,KWS SAAT SE & Co. KGaA        I,Materials,Germany,11.31,1.45,1.29,8.6,0.0,10.82,172794880.0,1.25,3.11,14.04,2,3,3,2
RIO.L,RIO TINTO PLC ORD 10P,Materials,UK,13.79,217.63,1.76,14.6,-5.6,17.29,3495749888.0,4.02,33.12,29.05,3,3,2,2
GLEN.L,GLENCORE PLC ORD USD0.01,Materials,UK,260.05,208.95,0.25,14.3,0.0,0.15,5955874816.0,0.17,62.99,67.82,4,2,1,2
3407.T,ASAHI KASEI CORP,Materials,Japan,15.04,1.05,0.69,0.8,44.7,5.18,0.0,40.0,31.36,48.1,1,3,1,2
051910.KS,LGCHEM,Materials,South Korea,,,0.53,0.0,0.0,-3.96,-6601622683648.0,0.0,5.8,21.07,3,4,3,3
005490.KS,POSCO Holdings,Materials,South Korea,,,0.38,-5.4,0.0,0.95,-1562359365632.0,0.0,22.71,6.94,3,4,2,3
AKE.PA,ARKEMA,Materials,Europe,99.02,0.63,0.42,-7.4,0.0,0.7,660000000.0,3.6,-9.5,-30.68,2,4,5,3
BAS.DE,BASF SE                       N,Materials,Europe,28.57,1.23,0.68,-5.6,0.0,2.71,357124992.0,2.25,7.43,-4.46,2,3,3,3
AI.PA,AIR LIQUIDE,Materials,Europe,27.46,3.69,3.58,-3.4,5.3,13.06,1524087552.0,3.7,-4.62,-4.24,3,3,4,3
5713.T,SUMITOMO METAL MINING CO,Materials,Japan,103.09,1.3,1.5,0.0,0.0,0.0,-39783501824.0,120.0,120.14,169.85,3,4,1,3
4063.T,SHIN-ETSU CHEMICAL CO,Materials,Japan,24.69,2.76,4.66,-2.1,-3.5,18.94,186461880320.0,106.0,46.16,44.16,3,4,1,3
5401.T,NIPPON STEEL CORPORATION,Materials,Japan,,0.58,0.33,20.6,-42.5,-0.6,0.0,28.0,-0.82,-4.01,2,4,4,3
JMAT.L,JOHNSON MATTHEY PLC ORD 110 49/,Materials,UK,,143.01,0.26,0.8,0.0,-1.1,-506124992.0,0.77,-8.53,26.33,3,4,3,3
WDAY,"Workday, Inc.",Technology,US,52.7,4.51,3.74,14.5,62.9,7.26,3012750080.0,0.0,-41.8,-45.5,3,2,5,3
ZM,"Zoom Communications, Inc.",Technology,US,12.4,2.31,4.66,5.3,91.5,39.03,1963544576.0,0.0,-8.97,0.84,2,2,4,3
MDB,"MongoDB, Inc.",Technology,US,,7.12,8.63,26.7,2.2,-2.89,463322496.0,0.0,-19.25,35.64,4,2,3,3
PLTR,Palantir Technologies Inc.,Technology,US,239.17,48.78,80.52,70.0,647.6,36.31,1260918400.0,0.0,-17.39,65.66,5,1,3,3
ADBE,Adobe Inc.,Technology,US,14.45,8.9,4.17,12.0,11.1,29.48,9292624896.0,0.0,-32.18,-35.92,2,2,5,3
CRM,"Salesforce, Inc.",Technology,US,25.05,3.07,4.41,12.1,17.9,17.96,16366999552.0,1.66,-20.8,-29.92,2,2,5,3
AVGO,Broadcom Inc.,Technology,US,60.65,5.24,21.56,16.4,188.1,36.57,25503750144.0,2.48,-9.65,62.98,4,1,3,3
UBER,"Uber Technologies, Inc.",Technology,US,15.62,5.65,2.95,20.1,-95.6,19.33,6346124800.0,0.0,-24.99,-2.57,2,3,5,3
017670.KS,SKTelecom,Telecom & Media,South Korea,,,0.98,-4.1,-65.3,2.39,332247236608.0,0.0,45.39,44.41,3,4,1,3
LBTYA,Liberty Global Ltd.,Telecom & Media,Europe,,0.4,0.8,9.6,0.0,-146.32,-401224992.0,0.0,-0.6,0.17,2,3,4,3
KPN.AS,KPN KON,Telecom & Media,Europe,22.31,7.09,3.09,2.7,-3.3,14.75,805875008.0,0.18,14.74,30.34,4,3,2,3
TEF.MC,"TELEFONICA,S.A.",Telecom & Media,Europe,,1.41,0.56,-26.6,0.0,-12.01,1620499968.0,0.3,-14.73,-10.9,2,4,5,3
AIXA.DE,AIXTRON SE                    N,Technology,Germany,43.54,4.1,6.71,-17.5,-9.7,15.31,165355376.0,0.15,142.06,180.44,3,4,1,3
IFX.DE,INFINEON TECHNOLOGIES AG      N,Technology,Germany,48.89,2.91,3.29,7.0,4.2,6.88,1671250048.0,0.35,14.99,10.89,3,2,3,3
MSFT,Microsoft Corporation,Technology,US,23.93,7.26,9.29,16.7,59.8,39.04,53640626176.0,3.48,-25.97,-1.66,3,2,5,3
INTC,Intel Corporation,Technology,US,,1.92,4.15,-4.1,0.0,-0.5,-4504500224.0,0.0,48.31,80.83,3,4,1,3
SN.L,SMITH & NEPHEW PLC ORD USD0.20,Healthcare,UK,22.65,257.27,1.65,7.4,70.4,10.14,876625024.0,0.39,-10.93,9.41,3,2,4,3
AZN.L,ASTRAZENECA PLC ORD SHS $0.25,Healthcare,UK,28.48,590.65,3.67,4.1,53.9,17.41,7865375232.0,3.2,23.44,17.7,4,2,2,3
PFV.DE,PFEIFFER VACUUM TECHNOLOGY AG I,Healthcare,Germany,51.89,2.93,1.91,-7.1,-25.6,3.68,31966750.0,0.0,7.0,12.1,3,4,3,3
QCOM,QUALCOMM Incorporated,Technology,US,26.19,6.05,3.09,5.0,-1.8,11.96,10423374848.0,3.52,-21.25,-15.23,3,3,5,3
COK.DE,CANCOM SE                     I,Healthcare,Germany,38.18,1.2,0.39,0.3,-14.3,1.01,85807752.0,1.0,-12.13,-22.13,2,4,5,3
030200.KS,KT,Telecom & Media,South Korea,,,0.52,4.1,0.0,6.13,831621890048.0,0.0,19.69,25.13,3,3,2,3
AAPL,Apple Inc.,Technology,US,31.35,41.35,8.37,15.7,18.3,27.04,106312753152.0,1.03,1.21,14.11,4,2,3,3
ALC.SW,ALCON N,Healthcare,Europe,37.08,1.62,2.73,8.6,-22.2,9.42,1233750016.0,0.35,-4.87,-27.67,3,3,4,3
SAN.PA,SANOFI,Healthcare,Europe,19.3,1.32,2.0,6.9,0.0,16.72,16643375104.0,4.12,-1.85,-23.53,2,3,4,3
NOVN.SW,NOVARTIS N,Healthcare,Europe,20.42,6.03,3.89,2.2,-11.6,24.67,12115125248.0,4.67,23.18,19.38,3,3,2,3
ROG.SW,ROCHE GS,Healthcare,Europe,20.11,7.59,4.05,-0.4,171.3,20.33,11027874816.0,9.8,18.59,4.66,3,2,3,3
4536.T,SANTEN PHARMACEUTICAL CO,Healthcare,Japan,18.21,1.91,1.88,0.0,0.0,10.63,0.0,38.0,3.63,19.86,2,4,3,3
PGR,Progressive Corporation (The),Finance,US,10.72,3.98,1.38,12.2,25.2,12.9,11832375296.0,13.9,-9.56,-19.62,2,2,5,3
SCHW,Charles Schwab Corporation (The,Finance,US,20.36,3.9,7.03,18.9,41.1,37.0,0.0,1.08,0.97,22.24,5,2,3,3
C,"Citigroup, Inc.",Finance,US,15.67,1.0,2.53,4.4,-10.8,18.89,0.0,2.32,7.86,56.11,2,4,2,3
AXP,American Express Company,Finance,US,19.23,6.06,3.04,10.6,16.6,16.17,0.0,3.28,-12.96,10.4,4,3,4,3
GS,"Goldman Sachs Group, Inc. (The)",Finance,US,15.85,2.28,4.11,15.2,17.3,28.92,0.0,14.0,2.1,46.93,4,3,2,3
FME.DE,Fresenius Medical Care AG     I,Healthcare,Germany,11.23,0.79,0.56,-0.3,420.0,4.99,1556436608.0,1.49,-12.76,-14.64,1,2,5,3
MRK.DE,MERCK KGAA                    I,Healthcare,Germany,15.3,1.58,2.14,-3.1,-52.2,12.36,2629499904.0,2.2,-3.88,-19.85,2,4,4,3
SIE.DE,SIEMENS AG                    N,Healthcare,Germany,20.29,2.43,2.0,4.3,-44.6,9.97,7742624768.0,5.35,-8.9,-11.25,2,3,4,3
4543.T,TERUMO CORP,Healthcare,Japan,23.04,1.98,2.75,12.6,-7.6,11.68,72308752384.0,28.0,-20.79,-26.04,3,3,5,3
4523.T,EISAI CO LTD,Healthcare,Japan,27.25,1.51,1.66,1.8,-27.7,5.29,18941624320.0,160.0,-6.0,13.42,2,4,3,3
4519.T,CHUGAI PHARMACEUTICAL CO,Healthcare,Japan,32.79,7.03,11.32,14.3,40.2,34.5,259492757504.0,122.0,32.21,32.89,4,2,2,3
MUV2.DE,MUENCHENER RUECKVERS.-GES. AG N,Finance,Germany,10.88,2.0,1.1,3.0,-10.4,9.82,6033999872.0,24.0,-0.08,-6.41,2,3,4,3
ALV.DE,Allianz SE                    v,Finance,Germany,12.56,2.11,1.17,-5.6,9.5,9.52,5215499776.0,17.1,0.03,2.51,2,3,3,3
BK,The Bank of New York Mellon Cor,Finance,US,15.53,2.0,4.01,7.8,30.5,27.74,0.0,2.0,6.72,40.47,4,3,2,3
COF,Capital One Financial Corporati,Finance,US,54.01,1.05,3.44,51.6,22.2,7.48,0.0,2.6,-19.92,5.21,3,2,4,3
MS,Morgan Stanley,Finance,US,15.83,2.51,3.65,11.0,20.7,23.99,0.0,3.92,2.15,38.01,4,3,2,3
WFC,Wells Fargo & Company,Finance,US,12.4,1.46,3.04,5.0,13.1,26.66,0.0,1.7,-7.38,9.33,3,3,4,3
BAC,Bank of America Corporation,Finance,US,12.38,1.23,3.21,7.2,21.2,28.4,0.0,1.08,-8.76,13.54,2,3,3,3
068270.KS,Celltrion,Healthcare,South Korea,,,10.62,25.1,128.7,24.74,171784798208.0,0.0,19.67,13.24,5,1,2,3
BDX,"Becton, Dickinson and Company",Healthcare,US,25.18,1.74,2.55,1.6,28.6,8.01,3105250048.0,4.17,6.06,-12.84,3,2,4,3
SYK,Stryker Corporation,Healthcare,US,40.01,5.73,5.11,11.4,55.9,12.92,4170125056.0,3.4,-10.5,-8.71,4,2,4,3
REGN,"Regeneron Pharmaceuticals, Inc.",Healthcare,US,17.67,2.41,5.4,2.5,-2.6,31.41,3258374912.0,3.52,24.1,11.91,3,3,2,3
VRTX,Vertex Pharmaceuticals Incorpor,Healthcare,US,29.68,6.18,9.61,9.5,32.9,32.94,2573112576.0,0.0,18.52,-9.76,4,2,3,3
CI,The Cigna Group,Healthcare,US,11.85,1.66,0.26,10.4,-9.3,2.17,9769875456.0,6.04,-8.47,-15.24,1,3,4,3
ERF.PA,EUROFINS SCIENT.,Healthcare,Europe,23.95,3.05,1.47,4.3,28.9,6.51,492524992.0,0.72,-2.18,18.19,2,2,3,3
OR.PA,L'OREAL,Healthcare,Europe,30.39,5.31,4.21,1.0,0.4,13.91,5913287680.0,7.2,-7.21,-1.83,4,3,4,3
ARGX.BR,ARGENX SE,Healthcare,Europe,34.6,5.73,8.54,73.0,-31.9,30.5,512832992.0,0.0,-6.73,2.92,4,3,4,3
DD,"DuPont de Nemours, Inc.",Materials,US,202.1,1.25,2.6,0.0,0.0,-11.37,13435374592.0,1.43,31.06,37.71,4,3,1,3
CTVA,"Corteva, Inc.",Materials,US,44.19,2.15,3.0,-1.7,0.0,6.29,2929999872.0,0.71,9.67,26.52,3,3,2,3
DOW,Dow Inc.,Materials,US,,1.64,0.66,-9.1,0.0,-6.56,-784750016.0,2.1,60.22,8.18,3,4,2,3
FCX,"Freeport-McMoRan, Inc.",Materials,US,34.27,3.96,2.89,-1.5,47.7,8.51,1559124992.0,0.6,16.62,31.22,4,3,2,3
LIN,Linde plc,Materials,US,33.43,5.92,6.66,5.8,-9.4,20.3,4786500096.0,6.0,2.63,7.94,4,3,3,3
352820.KS,HYBE,Telecom & Media,South Korea,,,5.39,-1.4,0.0,-8.95,70856146944.0,0.0,18.79,50.43,4,3,2,3
035760.KQ,CJ ENM,Telecom & Media,South Korea,,,0.24,10.8,0.0,1.52,487944388608.0,0.0,-12.15,13.3,3,2,4,3
032640.KS,LG Uplus,Telecom & Media,South Korea,,,0.45,2.5,0.0,3.39,843181654016.0,0.0,10.17,54.55,3,3,2,3
ENGI.PA,ENGIE,Utilities,Europe,17.56,2.26,0.93,-6.6,-59.4,5.32,-537249984.0,1.35,46.83,64.13,2,5,1,3
IBE.MC,ACCIONES IBERDROLA,Utilities,Europe,22.56,2.53,2.94,0.5,559.8,14.26,-1719250048.0,0.68,24.23,40.97,3,3,2,3
9501.T,TOKYO ELEC POWER CO HLDGS INC,Utilities,Japan,,0.34,0.16,-9.1,185.9,-11.53,0.0,0.0,-12.88,41.09,2,4,3,3
SVT.L,SEVERN TRENT PLC ORD 97 17/19P,Utilities,UK,28.17,493.25,3.37,18.0,60.3,11.92,-970550016.0,1.23,17.08,19.71,4,2,2,3
UU.L,UNITED UTILITIES GROUP PLC ORD ,Utilities,UK,21.47,433.76,3.64,21.0,132.4,16.93,-373362496.0,0.52,12.79,27.86,4,2,2,3
SSE.L,SSE PLC ORD 50P,Utilities,UK,29.57,286.53,3.01,3.9,-44.5,9.31,-2417200128.0,0.64,50.92,64.09,4,4,1,3
CBK.DE,Commerzbank AG                I,Finance,Germany,13.02,1.47,2.99,4.7,0.0,22.93,0.0,1.1,-5.95,34.48,3,4,3,3
DBK.DE,DEUTSCHE BANK AG              N,Finance,Germany,8.01,0.58,1.62,-18.8,-39.8,22.22,0.0,1.0,-19.92,14.35,1,5,4,3
MNG.L,M&G PLC,Finance,UK,22.84,208.12,0.89,37.0,0.0,4.11,-3452875008.0,0.2,8.3,26.48,3,3,2,3
PHNX.L,PHOENIX GROUP HOLDINGS PLC ORD ,Finance,UK,,609.21,0.44,-31.3,0.0,-3.44,5023750144.0,0.55,0.8,14.73,4,4,3,3
IGG.L,IG GROUP HOLDINGS PLC ORD 0.005,Finance,UK,13.81,256.86,4.47,8.1,18.6,46.34,0.0,0.48,35.01,53.4,4,3,1,3
III.L,3I GROUP PLC ORD 73 19/22P,Finance,UK,4.16,94.4,4.15,72.1,60.6,94.82,4082874880.0,0.79,-31.35,-26.77,3,1,5,3
ABDN.L,ABERDEEN GROUP PLC ORD 13 61/63,Finance,UK,9.01,68.76,2.53,1.6,97.6,28.93,-1488125056.0,0.15,-0.7,9.26,3,3,3,3
STAN.L,STANDARD CHARTERED PLC ORD USD0,Finance,UK,10.77,100.95,1.67,2.3,0.2,25.09,0.0,0.61,4.43,29.98,3,4,2,3
NWG.L,NATWEST GROUP PLC ORD 107.69P,Finance,UK,7.76,109.25,2.6,11.4,13.1,36.51,0.0,0.32,0.93,13.1,3,3,3,3
BARC.L,BARCLAYS PLC ORD 25P,Finance,UK,8.9,79.59,1.92,14.1,29.0,26.74,0.0,0.09,-2.45,23.81,3,3,3,3
LLOY.L,LLOYDS BANKING GROUP PLC ORD 10,Finance,UK,12.97,127.86,2.86,14.4,146.4,25.01,0.0,0.04,10.6,26.96,4,2,2,3
GILD,"Gilead Sciences, Inc.",Healthcare,US,20.24,7.5,5.79,4.7,23.4,28.9,7540624896.0,3.16,21.75,31.54,4,2,2,3
DHR,Danaher Corporation,Healthcare,US,37.57,2.55,5.45,4.6,12.5,14.71,4554874880.0,1.28,-1.73,-9.85,4,2,4,3
ISRG,"Intuitive Surgical, Inc.",Healthcare,US,60.58,9.52,16.87,18.8,16.6,28.38,2274837504.0,0.0,8.95,-2.95,5,2,3,3
PFE,"Pfizer, Inc.",Healthcare,US,19.83,1.77,2.45,-1.2,0.0,12.42,13430124544.0,1.72,16.12,10.07,2,3,3,3
AMGN,Amgen Inc.,Healthcare,US,24.44,21.64,5.1,8.6,112.1,20.98,7501875200.0,9.52,23.58,13.5,4,2,2,3
TMO,Thermo Fisher Scientific Inc,Healthcare,US,26.74,3.34,3.96,7.2,9.3,15.05,4390875136.0,1.72,-0.91,-8.03,3,2,4,3
MRK,"Merck & Company, Inc.",Healthcare,US,15.68,5.37,4.34,5.0,-19.3,28.08,11886749696.0,3.24,42.32,27.08,3,3,2,3
UNH,UnitedHealth Group Incorporated,Healthcare,US,20.83,2.65,0.56,12.3,-99.9,2.69,13863249920.0,8.73,-16.96,-45.18,2,3,5,3
LLY,Eli Lilly and Company,Healthcare,US,39.52,30.57,12.45,42.6,51.4,31.67,1951000064.0,6.0,20.95,9.06,5,1,2,3
006400.KS,"SAMSUNG SDI CO.,LTD.",Technology,South Korea,,,2.38,2.8,0.0,-4.9,-1499648360448.0,0.0,98.76,97.78,3,4,1,3
035720.KS,Kakao,Technology,South Korea,,,2.72,9.0,0.0,6.18,0.0,0.0,-15.99,17.4,3,3,4,3
035420.KS,NAVER,Technology,South Korea,,,2.75,10.7,-43.7,16.23,1463913021440.0,0.0,-3.11,7.61,3,3,3,3
ATO.PA,ATOS,Technology,Europe,,-0.96,0.09,-13.7,0.0,-17.55,485750016.0,0.0,-21.99,4.82,2,4,4,3
BESI.AS,BE Semiconductor Industries N.V,Technology,Europe,107.53,33.99,23.78,8.4,-30.6,22.26,104007248.0,1.58,40.66,70.39,5,3,1,3
AMS.SW,AMS-OSRAM,Technology,Europe,,0.9,0.24,-0.7,0.0,-3.91,273249984.0,0.0,-27.26,-12.65,2,3,5,3
TEMN.SW,TEMENOS N,Technology,Europe,23.19,13.05,4.65,-1.3,-41.8,25.72,485197760.0,1.77,11.96,19.51,3,4,2,3
UBSG.SW,UBS GROUP N,Finance,Europe,15.55,1.26,1.81,12.4,58.0,15.66,0.0,1.1,-11.42,4.28,2,2,4,3
ISP.MI,INTESA SANPAOLO,Finance,Europe,8.71,1.31,3.38,-3.1,0.0,36.52,0.0,0.0,-6.09,10.72,2,4,3,3
SAN.MC,BANCO SANTANDER S.A.,Finance,Europe,11.01,1.32,2.86,-6.4,25.3,30.11,0.0,0.24,7.8,48.83,2,4,2,3
TFC,Truist Financial Corporation,Finance,US,11.56,0.92,3.07,3.2,10.8,28.8,0.0,2.08,-1.89,11.75,2,3,3,3
PNC,"PNC Financial Services Group, I",Finance,US,12.17,1.44,3.65,9.6,29.1,31.08,0.0,6.6,-0.19,20.42,3,3,3,3
USB,U.S. Bancorp,Finance,US,11.09,1.37,3.02,5.3,24.7,28.72,0.0,2.04,3.75,24.91,2,3,3,3
8306.T,MITSUBISHI UFJ FINANCIAL GROUP ,Finance,Japan,15.95,1.43,5.18,11.7,8.7,22.77,0.0,74.0,17.29,31.82,4,3,2,3
8309.T,SUMITOMO MITSUI TRUST GP INC,Finance,Japan,11.9,1.06,2.25,-4.5,4.5,19.11,0.0,157.5,19.29,32.66,2,4,2,3
8253.T,CREDIT SAISON CO,Finance,Japan,9.79,0.82,1.13,0.0,0.0,10.76,0.0,120.0,8.1,16.99,1,4,3,3
8766.T,TOKIO MARINE HOLDINGS INC,Finance,Japan,10.96,2.15,1.34,21.8,4.7,12.56,0.0,196.5,-5.9,2.82,2,3,4,3
8411.T,MIZUHO FINANCIAL GROUP,Finance,Japan,14.58,1.36,3.74,5.5,16.4,26.13,0.0,147.5,27.12,46.34,3,3,1,3
AMZN,"Amazon.com, Inc.",Consumer,US,28.64,5.36,3.08,13.6,5.0,10.83,23793125376.0,0.0,-11.28,4.67,4,2,4,3
SWED-A.ST,Swedbank AB ser A,Finance,Europe,11.3,1.63,5.35,-10.7,-3.7,47.64,0.0,20.45,19.56,36.17,3,5,2,3
SHB-A.ST,Svenska Handelsbanken ser. A,Finance,Europe,11.16,1.34,4.75,-12.2,-12.8,41.54,0.0,8.0,13.36,15.25,3,5,2,3
SEB-A.ST,Skandinaviska Enskilda Banken s,Finance,Europe,11.53,1.52,4.63,-5.6,0.8,41.2,0.0,8.5,-1.0,10.64,3,4,3,3
DNB.OL,DNB BANK ASA,Finance,Europe,10.19,1.56,4.79,5.3,-6.8,49.56,0.0,18.0,7.22,12.65,3,4,3,3
NDA-FI.HE,Nordea Bank Abp,Finance,Europe,11.03,1.62,4.53,-3.9,3.1,41.95,0.0,0.96,12.27,28.46,3,4,2,3
KBC.BR,KBC,Finance,Europe,11.9,1.62,3.44,12.4,-9.3,29.92,0.0,5.1,4.99,25.68,3,4,3,3
ACA.PA,CREDIT AGRICOLE,Finance,Europe,7.33,0.7,1.82,-60.4,-76.7,26.64,0.0,1.13,-4.71,1.27,1,5,4,3
CS.PA,AXA,Finance,Europe,8.04,1.64,0.94,2.3,60.3,11.66,0.0,2.32,-5.8,0.19,2,3,4,3
HSBA.L,HSBC HOLDINGS PLC ORD $0.50 (UK,Finance,UK,12.86,147.37,3.1,58.4,2397.9,35.25,0.0,0.75,10.41,30.68,4,2,2,3
HYQ.DE,Hypoport SE                   N,Finance,Germany,19.87,1.39,0.84,10.6,192.3,3.36,25352000.0,0.0,-45.07,-53.48,2,2,5,3
ABBV,AbbVie Inc.,Healthcare,US,86.16,-110.85,5.93,10.0,0.0,6.91,18337748992.0,6.65,-6.41,0.92,4,2,4,3
9432.T,NTT INC,Telecom & Media,Japan,12.63,1.36,0.92,5.5,13.5,7.64,-436653490176.0,5.25,-0.01,9.42,2,3,3,3
BT-A.L,BT GROUP PLC ORD 5P,Telecom & Media,UK,21.23,163.81,1.03,-3.0,-13.2,4.74,1002124992.0,0.08,8.06,30.14,4,4,2,3
VOD.L,VODAFONE GROUP PLC ORD USD0.20 ,Telecom & Media,UK,,57.65,0.64,7.3,-15.4,-11.36,12786750464.0,0.04,28.26,45.08,4,3,1,3
DTE.DE,DEUTSCHE TELEKOM AG           N,Telecom & Media,Germany,16.05,2.46,1.26,2.5,-58.2,7.89,14988999680.0,1.0,8.73,-2.38,3,4,3,3
ED,"Consolidated Edison, Inc.",Utilities,US,19.41,1.63,2.34,8.9,-8.3,11.96,-145250000.0,3.4,15.47,4.92,2,4,3,3
PEG,Public Service Enterprise Group,Utilities,US,18.82,2.33,3.26,18.3,10.5,17.35,-105000000.0,2.52,-1.08,-1.18,3,3,4,3
SRE,DBA Sempra,Utilities,US,33.35,1.89,4.37,-0.2,-48.2,13.4,-27727874048.0,2.58,12.63,35.92,4,5,2,3
AEP,American Electric Power Company,Utilities,US,18.87,2.18,3.11,13.2,-12.6,16.36,-5140375040.0,3.74,19.23,23.54,3,4,2,3
DUK,Duke Energy Corporation (Holdin,Utilities,US,20.06,1.94,3.1,8.0,-2.2,15.63,-2002625024.0,4.22,6.54,10.24,3,4,3,3
NEE,"NextEra Energy, Inc.",Utilities,US,27.12,3.41,6.8,20.7,26.0,24.93,-15209124864.0,2.27,27.63,30.03,4,2,2,3
MCD,McDonald's Corporation,Consumer,US,25.85,-122.61,8.2,9.7,8.2,31.85,6296124928.0,7.17,3.33,3.46,3,2,3,3
PEP,"Pepsico, Inc.",Consumer,US,25.01,10.05,2.18,5.6,67.5,8.77,8232750080.0,5.62,7.83,7.29,4,2,3,3
KO,Coca-Cola Company (The),Consumer,US,24.59,10.0,6.71,2.4,3.6,27.34,-1461250048.0,2.04,14.09,12.01,4,4,3,3
COST,Costco Wholesale Corporation,Consumer,US,50.51,13.45,1.51,9.2,13.9,2.99,6690375168.0,5.2,2.51,7.52,4,2,3,3
WMT,Walmart Inc.,Consumer,US,43.6,9.52,1.33,5.6,-19.0,3.07,10554250240.0,0.94,16.79,39.66,4,3,2,3
FIE.DE,Fielmann Group AG             I,Consumer,Germany,19.86,3.75,1.5,2.7,29.2,7.55,0.0,1.15,-18.06,-2.2,3,3,4,3
ZAL.DE,Zalando SE                    I,Consumer,Germany,26.7,2.02,0.46,23.4,-21.8,1.72,1001600000.0,0.0,-16.51,-31.81,2,3,5,3
BMW.DE,BAYERISCHE MOTOREN WERKE AG   S,Consumer,Germany,6.37,0.48,0.34,-8.1,21.3,5.47,2596517888.0,4.4,-9.01,-0.01,1,3,4,3
MBG.DE,Mercedes-Benz Group AG        N,Consumer,Germany,9.52,0.52,0.34,-12.4,-44.3,3.89,-1038374976.0,3.5,-1.2,-5.52,1,5,4,3
VOW3.DE,VOLKSWAGEN AG                 V,Consumer,Germany,6.42,0.25,0.13,-4.7,-1.9,2.28,12736529408.0,5.26,-12.23,-11.47,1,4,4,3
BKNG,Booking Holdings Inc. Common St,Consumer,US,26.11,-24.72,5.18,16.0,38.4,20.08,6550750208.0,38.4,-20.25,-5.63,3,2,5,3
KGF.L,KINGFISHER PLC ORD 15 5/7P,Consumer,UK,28.91,80.31,0.38,0.8,4.8,1.44,867500032.0,0.12,0.01,5.48,3,3,3,3
NXT.L,NEXT PLC ORD 10P,Consumer,UK,18.38,835.86,2.18,9.9,20.6,12.38,667774976.0,2.45,0.74,24.24,4,2,3,3
EL,"Estee Lauder Companies, Inc. (T",Consumer,US,,7.71,2.12,5.6,0.0,-1.21,1695000064.0,1.4,-1.47,30.38,4,3,3,3
TGT,Target Corporation,Consumer,US,13.93,3.17,0.49,-1.5,-5.0,3.54,2590125056.0,4.52,31.46,13.83,2,4,2,3
LOW,"Lowe's Companies, Inc.",Consumer,US,18.94,-12.71,1.46,10.9,-10.8,7.71,5399875072.0,4.75,-14.5,0.92,2,3,4,3
DIS,Walt Disney Company (The),Consumer,US,14.66,1.63,1.84,5.2,-4.3,12.8,3174500096.0,1.5,-11.93,1.16,2,3,4,3
PM,Philip Morris International Inc,Consumer,US,22.47,-25.41,6.25,6.8,0.0,27.92,8938874880.0,5.64,2.87,11.49,3,3,3,3
ORA.PA,ORANGE,Telecom & Media,Europe,85.58,1.53,1.13,0.0,0.0,1.33,2369999872.0,0.75,28.38,52.89,3,3,1,3
9434.T,SOFTBANK CORP.,Telecom & Media,Japan,19.16,3.6,1.49,0.0,0.0,8.3,0.0,8.6,-2.95,5.19,3,4,3,3
9984.T,SOFTBANK GROUP CORP,Telecom & Media,Japan,6.65,1.31,2.65,8.2,0.0,48.17,-53278248960.0,11.0,-12.48,83.01,2,3,3,3
9433.T,KDDI CORPORATION,Telecom & Media,Japan,14.77,2.04,1.69,4.1,25.6,11.82,929004650496.0,77.5,9.77,13.53,3,2,3,3
T,AT&T Inc.,Telecom & Media,US,9.31,1.8,1.6,3.6,-5.6,17.47,12586250240.0,1.11,-0.21,9.36,2,3,3,3
017390.KS,SeoulCtyGas,Utilities,South Korea,,,0.15,0.3,0.0,1.65,-7946359808.0,0.0,13.81,46.33,3,4,2,3
036460.KS,Kogas,Utilities,South Korea,,,0.09,-9.9,0.0,0.37,4184124424192.0,0.0,-2.63,6.59,3,4,3,3
ORSTED.CO,ORSTED A/S,Utilities,Europe,72.63,1.52,2.49,9.8,0.0,3.33,-30794500096.0,0.0,30.93,-57.84,3,3,3,3
ADP.PA,ADP,Energy & Ind.,Europe,26.71,2.35,1.52,8.3,0.0,5.7,228375008.0,3.0,-5.93,6.61,3,3,4,3
LEG.DE,LEG Immobilien SE             N,Real Estate,Europe,3.28,0.48,2.66,-24.1,554.3,92.67,842112512.0,2.92,-17.2,-12.97,1,3,5,3
VNA.DE,Vonovia SE                    N,Real Estate,Europe,6.64,0.66,2.72,-35.9,0.0,55.69,3463800064.0,1.25,-18.17,-12.41,1,4,5,3
8830.T,SUMITOMO REALTY & DEVELOPMENT C,Real Estate,Japan,21.88,1.8,4.28,0.0,0.0,0.0,0.0,38.5,45.89,70.05,3,4,1,3
BATS.L,BRITISH AMERICAN TOBACCO PLC OR,Consumer,UK,12.35,203.53,3.65,0.1,0.0,30.32,2993750016.0,2.45,10.66,36.69,4,3,2,3
CEC.DE,CECONOMY AG                   I,Consumer,Germany,449.0,3.28,0.09,0.5,24.1,-0.01,580774976.0,0.0,2.05,30.98,3,3,3,3
LOGN.SW,LOGITECH N,Technology,Europe,18.49,5.54,2.15,6.1,28.0,14.94,681839616.0,1.43,-19.29,-11.89,2,2,5,3
ASM.AS,ASM International N.V.,Technology,Europe,43.67,7.83,9.89,-13.7,-26.3,22.81,420212512.0,3.25,28.43,42.14,4,4,1,3
ADYEN.AS,ADYEN,Technology,Europe,25.71,5.15,11.46,16.9,11.9,44.71,534254016.0,0.0,-37.18,-44.53,3,2,5,3
STMPA.PA,STMICROELECTRONICS,Technology,Europe,168.25,1.56,2.03,0.2,0.0,1.41,-407375008.0,0.0,9.87,20.82,3,4,2,3
DUE.DE,DUERR AG                      I,Consumer,Germany,6.17,0.93,0.3,-9.7,1093.5,4.88,240384992.0,0.0,-8.25,-26.36,1,3,5,3
BOSS.DE,HUGO BOSS AG                  N,Consumer,Germany,10.14,1.64,0.59,2.5,28.5,5.84,461786240.0,0.04,-11.2,-0.3,2,2,4,3
7751.T,CANON INC,Technology,Japan,11.72,1.08,0.81,3.8,0.0,7.18,165998116864.0,160.0,-0.33,-9.21,1,3,4,3
6920.T,LASERTEC CORP,Technology,Japan,37.45,13.94,12.61,-19.7,-22.0,34.72,85710127104.0,346.0,118.17,148.55,4,4,1,3
3382.T,SEVEN & I HOLDINGS CO LTD,Consumer,Japan,21.88,1.4,0.51,-20.7,622.5,3.29,-464384262144.0,45.0,6.26,-1.71,2,4,3,3
8267.T,AEON CO LTD,Consumer,Japan,172.37,4.63,0.51,0.0,0.0,0.34,0.0,12.67,9.51,54.88,3,4,2,3
4911.T,SHISEIDO COMPANY LIMITED,Consumer,Japan,,1.99,1.23,0.0,0.0,-4.19,58072498176.0,40.0,27.59,4.77,3,3,2,3
2502.T,ASAHI GROUP HLDGS,Consumer,Japan,13.64,0.84,0.79,0.8,-29.2,0.0,157174743040.0,53.0,-13.65,-16.71,2,4,5,3
7270.T,SUBARU CORPORATION,Consumer,Japan,7.05,0.67,0.39,-10.8,0.0,2.22,-57424998400.0,124.0,-16.51,-9.14,1,4,5,3
7201.T,NISSAN MOTOR CO,Consumer,Japan,,0.25,0.1,-5.1,0.0,-7.68,-859887108096.0,0.0,-1.72,-18.69,2,4,4,3
9984.T,SOFTBANK GROUP CORP,Consumer,Japan,6.65,1.31,2.65,8.2,0.0,48.17,-53278248960.0,11.0,-12.48,83.01,2,3,3,3
CPG.L,COMPASS GROUP PLC ORD 11 1/20P,Consumer,UK,25.74,624.45,0.78,10.6,75.6,4.05,1647874944.0,0.66,-13.79,-12.32,4,2,5,3
IMB.L,IMPERIAL BRANDS PLC ORD 10P,Consumer,UK,12.29,510.0,1.26,4.6,-24.9,10.91,2492750080.0,1.6,-0.69,12.48,3,3,3,3
RR.L,ROLLS-ROYCE HOLDINGS PLC ORD SH,Consumer,UK,16.83,3561.35,4.57,16.6,4.1,27.54,3590249984.0,0.1,1.04,45.76,4,2,2,3
TSCO.L,TESCO PLC ORD 6 1/3P,Consumer,UK,20.39,282.3,0.42,3.6,-5.4,2.14,3272999936.0,0.14,7.85,44.77,3,3,2,3
330590.KS,LOTTE REIT,Real Estate,South Korea,,,,0.0,0.0,0.0,0.0,0.0,25.68,40.73,4,4,2,3
395400.KS,SK REIT,Real Estate,South Korea,,,,0.0,0.0,0.0,0.0,0.0,25.58,32.52,4,4,2,3
PSPN.SW,PSP N,Real Estate,Europe,17.46,1.26,20.3,-0.4,-0.0,116.36,49612000.0,3.95,16.75,20.27,3,3,2,3
LEG.DE,LEG Immobilien SE             N,Real Estate,Germany,3.28,0.48,2.66,-24.1,554.3,92.67,842112512.0,2.92,-17.2,-12.97,1,3,5,3
VNA.DE,Vonovia SE                    N,Real Estate,Germany,6.64,0.66,2.72,-35.9,0.0,55.69,3463800064.0,1.25,-18.17,-12.41,1,4,5,3
VICI,VICI Properties Inc.,Real Estate,US,10.28,1.03,7.16,3.8,-3.4,69.28,1466810752.0,1.76,-12.98,-9.68,2,3,4,3
EOAN.DE,E.ON SE                       N,Utilities,Germany,28.0,2.51,0.6,-10.4,-60.8,2.16,-3621025024.0,0.57,18.8,45.19,3,5,2,3
QIA.DE,Qiagen N.V.                   A,Technology,Germany,19.78,2.2,3.45,3.7,21.9,20.33,257098000.0,0.26,-10.11,-2.92,2,2,4,3
DTE.DE,DEUTSCHE TELEKOM AG           N,Technology,Germany,16.05,2.46,1.26,2.5,-58.2,7.89,14988999680.0,1.0,8.73,-2.38,1,4,3,3
GFT.DE,GFT Technologies SE           I,Technology,Germany,13.21,1.72,0.52,3.4,-14.3,3.7,41675800.0,0.5,0.57,-19.51,1,3,4,3
DLR,"Digital Realty Trust, Inc.",Real Estate,US,48.27,2.68,9.97,17.1,-53.4,21.52,1958439680.0,4.88,2.21,18.6,4,3,3,3
CFR.SW,RICHEMONT N,Consumer,Europe,22.06,3.76,3.49,5.4,295.1,18.71,2154749952.0,3.14,-13.24,-16.96,3,2,5,3
HEIA.AS,HEINEKEN,Consumer,Europe,19.64,2.06,1.29,-2.8,7.5,6.56,2138249984.0,1.9,1.31,-12.29,2,3,4,3
ITX.MC,INDUSTRIA DE DISE...O TEXTIL S.,Consumer,Europe,25.28,7.72,3.95,4.3,13.3,15.6,5341875200.0,1.2,14.54,11.73,4,2,3,3
KER.PA,KERING,Consumer,Europe,,1.95,1.96,0.0,0.0,0.49,2295000064.0,3.0,-12.93,14.21,3,3,4,3
DSY.PA,DASSAULT SYSTEMES,Technology,Europe,19.11,2.58,3.62,-4.2,6.6,19.18,1257887488.0,0.0,-38.53,-55.71,2,3,5,3
CAP.PA,CAPGEMINI,Technology,Europe,10.8,1.53,0.74,3.7,9.3,7.13,0.0,3.4,-20.24,-31.42,1,3,5,3
ASML.AS,ASML HOLDING,Technology,Europe,45.66,22.17,13.41,4.9,7.2,29.42,10854937600.0,7.5,38.05,69.26,4,2,1,3
7733.T,OLYMPUS CORPORATION,Technology,Japan,15.92,1.96,1.53,3.9,-46.9,8.59,11210500096.0,20.0,-24.3,-30.61,1,3,5,3
COP,ConocoPhillips,Energy & Ind.,US,19.99,2.41,2.57,-6.8,-39.0,13.25,7486875136.0,3.18,40.44,28.79,3,4,2,3
CAT,"Caterpillar, Inc.",Energy & Ind.,US,36.24,14.86,4.71,18.0,-11.4,13.14,5838750208.0,5.94,46.7,105.57,5,3,1,3
GE,GE Aerospace,Energy & Ind.,US,35.58,16.1,6.6,17.6,37.4,18.98,5210999808.0,1.44,-4.4,41.24,5,2,3,3
CVX,Chevron Corporation,Energy & Ind.,US,30.38,2.14,2.18,-8.2,-23.8,6.66,13200749568.0,6.84,31.86,27.96,3,4,2,3
XOM,Exxon Mobil Corporation,Energy & Ind.,US,23.8,2.57,2.05,-1.3,-11.0,8.9,12229749760.0,4.0,43.72,42.99,3,4,1,3
139480.KS,emart,Consumer,South Korea,,,0.09,0.9,0.0,0.47,-302343421952.0,0.0,30.1,30.86,3,4,2,3
090430.KS,AMOREPACIFIC,Consumer,South Korea,,,2.28,6.6,0.0,5.54,546579152896.0,0.0,17.73,29.72,4,3,2,3
012330.KS,Mobis,Consumer,South Korea,,,0.59,4.7,-39.4,5.98,1096699871232.0,0.0,28.43,53.4,3,3,1,3
HEI.DE,Heidelberg Materials AG       I,Energy & Ind.,Germany,16.53,1.67,1.4,-1.4,5.2,9.03,1573699968.0,0.0,-15.62,-1.79,2,3,4,3
9983.T,FAST RETAILING CO LTD,Consumer,Japan,45.04,7.77,5.51,14.8,11.7,12.69,496032251904.0,500.0,31.88,40.37,5,2,1,3
7267.T,HONDA MOTOR CO,Consumer,Japan,10.44,0.41,0.24,-3.4,-41.2,2.33,39892123648.0,69.0,-20.16,-10.13,1,4,5,3
7203.T,TOYOTA MOTOR CORP,Consumer,Japan,11.7,1.11,0.86,8.6,-42.3,7.32,-52135124992.0,95.0,15.88,18.84,2,4,2,3
IHG.L,INTERCONTINENTAL HOTELS GROUP P,Consumer,UK,26.52,-7.09,3.72,2.7,7.7,14.61,673625024.0,1.84,9.1,12.96,3,3,3,3
005380.KS,HyundaiMtr,Consumer,South Korea,,,0.72,0.0,0.0,5.07,-7214117945344.0,0.0,139.4,165.45,3,4,1,3
BLND.L,BRITISH LAND COMPANY PLC ORD 25,Real Estate,UK,7.84,60.62,5.86,16.7,86.3,74.25,238500000.0,0.23,1.41,-3.61,3,1,4,3
GYC.DE,Grand City Properties S.A.    A,Real Estate,Germany,3.4,0.39,2.66,-0.1,-34.4,85.11,390565376.0,0.0,-16.79,-5.32,1,4,4,3
EOAN.DE,E.ON SE                       N,Energy & Ind.,Germany,28.0,2.51,0.6,-10.4,-60.8,2.16,-3621025024.0,0.57,18.8,45.19,2,5,2,3
DHER.DE,Delivery Hero SE              N,Energy & Ind.,Germany,,2.06,0.34,19.2,0.0,-4.18,1199699968.0,0.0,-45.0,-32.43,3,2,5,3
BAS.DE,BASF SE                       N,Energy & Ind.,Germany,28.57,1.23,0.68,-5.6,0.0,2.71,357124992.0,2.25,7.43,-4.46,2,3,3,3
SIE.DE,SIEMENS AG                    N,Energy & Ind.,Germany,20.29,2.43,2.0,4.3,-44.6,9.97,7742624768.0,5.35,-8.9,-11.25,3,3,4,3
NSC,Norfolk Southern Corporation,Energy & Ind.,US,22.03,4.06,5.18,-1.7,-11.4,23.59,1452499968.0,5.4,-0.01,23.76,4,4,3,3
CSX,CSX Corporation,Energy & Ind.,US,24.79,5.4,5.04,-0.9,-0.4,20.5,970499968.0,0.52,16.55,31.05,4,4,2,3
UNP,Union Pacific Corporation,Energy & Ind.,US,19.61,7.55,5.69,-0.6,6.8,29.12,3918000128.0,5.44,7.67,2.81,4,3,3,3
WM,"Waste Management, Inc.",Energy & Ind.,US,34.46,9.33,3.7,7.1,23.6,10.74,1732000000.0,3.3,7.7,4.37,4,2,3,3
ETN,"Eaton Corporation, PLC",Energy & Ind.,US,34.14,7.13,5.05,13.1,18.9,14.89,2598000128.0,4.16,-4.43,21.92,4,2,3,3
DE,Deere & Company,Energy & Ind.,US,31.55,5.75,3.24,13.0,-24.1,10.3,4200250112.0,6.48,20.02,20.1,4,3,2,3
ANTO.L,ANTOFAGASTA PLC ORD 5P,Energy & Ind.,UK,31.43,398.53,3.59,31.8,41.7,15.42,-29375000.0,0.65,29.98,64.63,5,2,1,3
AAL.L,ANGLO AMERICAN PLC ORD USD0.623,Energy & Ind.,UK,,227.94,1.66,17.5,0.0,-20.17,-591625024.0,0.23,12.39,25.64,4,3,2,3
BA,Boeing Company (The),Energy & Ind.,US,78.68,28.1,1.71,57.1,0.0,2.5,1761750016.0,0.0,-9.52,9.55,4,2,4,3
UPS,"United Parcel Service, Inc.",Energy & Ind.,US,14.61,5.02,0.92,-3.2,4.6,6.28,5186874880.0,6.56,17.64,-11.02,2,3,3,3
EOG,"EOG Resources, Inc.",Energy & Ind.,US,15.23,2.5,3.32,0.0,-41.7,21.98,2327249920.0,3.99,21.89,14.94,3,4,2,3
SLB,SLB Limited,Energy & Ind.,US,19.84,2.67,1.96,5.0,-28.6,9.45,2449250048.0,1.14,37.31,17.24,3,3,2,3
JMAT.L,JOHNSON MATTHEY PLC ORD 110 49/,Energy & Ind.,UK,,143.01,0.26,0.8,0.0,-1.1,-506124992.0,0.77,-8.53,26.33,3,4,3,3
BA.L,BAE SYSTEMS PLC ORD 2.5P,Energy & Ind.,UK,33.09,571.79,2.31,6.7,8.7,7.28,1820625024.0,0.36,15.33,36.93,4,2,2,3
BP.L,BP PLC $0.25,Energy & Ind.,UK,inf,217.45,0.46,3.6,0.0,0.03,5708624896.0,0.33,30.26,25.44,4,3,2,3
VNA.DE,Vonovia SE                    N,Energy & Ind.,Germany,6.64,0.66,2.72,-35.9,0.0,55.69,3463800064.0,1.25,-18.17,-12.41,2,4,5,3
HO.PA,THALES,Energy & Ind.,Germany,29.77,6.25,2.25,7.1,151.2,7.56,2076862464.0,3.9,-2.81,1.24,4,2,4,3
FRA.DE,Fraport AG Ffm.Airport.Ser.AG I,Energy & Ind.,Germany,15.75,1.31,1.51,5.9,-52.1,9.58,-309950016.0,1.0,-1.8,26.59,2,4,3,3
KRN.DE,KRONES AG                     I,Energy & Ind.,Germany,12.34,1.68,0.6,9.0,11.5,5.05,264146000.0,0.0,-6.75,-14.58,1,2,4,3
DHL.DE,DEUTSCHE POST AG              N,Energy & Ind.,Germany,14.33,2.22,0.61,-2.7,-3.8,4.2,4941250048.0,1.9,16.75,10.12,2,4,3,3
LHA.DE,DEUTSCHE LUFTHANSA AG         V,Energy & Ind.,Germany,6.62,0.76,0.22,3.2,-55.8,3.38,-972374976.0,0.33,-1.16,2.33,1,4,4,3
DTG.DE,Daimler Truck Holding AG      N,Energy & Ind.,Germany,17.12,1.42,0.67,-10.7,-32.7,4.33,161750000.0,1.9,5.3,6.26,2,4,3,3
6701.T,NEC CORP,Technology,Japan,23.42,2.66,1.56,0.0,0.0,6.98,0.0,30.0,-8.41,32.49,2,4,3,3
6702.T,FUJITSU,Technology,Japan,20.53,2.93,1.62,-4.3,60.2,13.23,324066738176.0,29.0,-10.27,9.35,2,3,4,3
7974.T,NINTENDO CO LTD,Technology,Japan,30.67,3.81,5.31,86.3,24.4,18.94,0.0,127.0,-29.18,-6.72,3,2,5,3
8035.T,TOKYO ELECTRON,Technology,Japan,33.44,8.99,7.53,-15.7,-24.4,21.08,289615872000.0,591.0,87.83,81.61,4,4,1,3
6758.T,SONY GROUP CORPORATION,Technology,Japan,15.85,2.39,1.48,0.5,0.0,-1.61,-79850749952.0,22.5,-23.28,-10.67,1,4,5,3
MTX.DE,MTU Aero Engines AG           N,Energy & Ind.,Germany,16.21,3.79,1.88,14.5,104.3,11.73,-843124992.0,3.6,-14.65,-10.48,3,2,5,3
EQIX,"Equinix, Inc.",Real Estate,US,69.91,6.66,10.18,8.1,0.0,14.58,2833250048.0,18.76,22.62,17.59,4,3,2,3
PLD,"Prologis, Inc.",Real Estate,US,35.96,2.24,12.94,4.0,6.3,36.21,4769768448.0,4.04,14.57,22.17,4,3,2,3
028670.KS,PanOcean,Energy & Ind.,South Korea,,,0.51,-0.6,-55.8,3.9,471646994432.0,0.0,39.27,57.47,3,4,1,3
LHA.DE,DEUTSCHE LUFTHANSA AG         V,Energy & Ind.,Europe,6.62,0.76,0.22,3.2,-55.8,3.38,-972374976.0,0.33,-1.16,2.33,1,4,4,3
ASM.AS,ASM International N.V.,Energy & Ind.,Europe,43.67,7.83,9.89,-13.7,-26.3,22.81,420212512.0,3.25,28.43,42.14,5,4,1,3
STMPA.PA,STMICROELECTRONICS,Energy & Ind.,Europe,168.25,1.56,2.03,0.2,0.0,1.41,-407375008.0,0.0,9.87,20.82,3,4,2,3
VOW3.DE,VOLKSWAGEN AG                 V,Energy & Ind.,Europe,6.42,0.25,0.13,-4.7,-1.9,2.28,12736529408.0,5.26,-12.23,-11.47,1,4,4,3
EQNR.OL,EQUINOR,Energy & Ind.,Europe,21.19,2.55,9.29,-5.1,-27.3,4.76,22591875072.0,1.5,67.03,56.37,4,4,1,3
ENI.MI,ENI,Energy & Ind.,Europe,30.28,1.47,0.83,-12.2,-68.2,3.12,-9319624704.0,0.0,65.27,75.43,2,5,1,3
SAF.PA,SAFRAN,Energy & Ind.,Europe,16.39,7.91,3.75,12.5,0.0,23.01,-1703874944.0,3.35,-3.43,12.78,4,3,3,3
6594.T,NIDEC CORPORATION,Energy & Ind.,Japan,20.62,1.41,0.95,2.9,108.7,4.59,55612751872.0,20.0,-12.35,-21.82,2,2,5,3
6367.T,DAIKIN INDUSTRIES,Energy & Ind.,Japan,20.7,1.8,1.18,7.9,-1.8,5.67,0.0,310.0,7.83,15.91,2,4,3,3
7011.T,MITSUBISHI HEAVY INDUSTRIES,Energy & Ind.,Japan,59.52,6.14,3.07,-2.9,47.8,5.36,0.0,24.0,30.06,69.01,4,4,1,3
5401.T,NIPPON STEEL CORPORATION,Energy & Ind.,Japan,,0.58,0.33,20.6,-42.5,-0.6,0.0,28.0,-0.82,-4.01,2,4,4,3
IAG.L,INTERNATIONAL CONSOLIDATED AIRL,Energy & Ind.,UK,5.76,239.32,0.47,-0.8,70.4,10.06,2206625024.0,0.1,-9.52,18.96,2,3,3,3
SVT.L,SEVERN TRENT PLC ORD 97 17/19P,Energy & Ind.,UK,28.17,493.25,3.37,18.0,60.3,11.92,-970550016.0,1.23,17.08,19.71,4,2,2,3
META,"Meta Platforms, Inc.",Technology,US,25.25,6.91,7.47,23.8,10.7,30.08,23432374272.0,2.1,-23.55,-0.12,3,2,4,3
AMZN,"Amazon.com, Inc.",Technology,US,28.64,5.36,3.08,13.6,5.0,10.83,23793125376.0,0.0,-11.28,4.67,3,2,4,3
IBE.MC,ACCIONES IBERDROLA,Energy & Ind.,Europe,22.56,2.53,2.94,0.5,559.8,14.26,-1719250048.0,0.68,24.23,40.97,3,3,2,3
SU.PA,SCHNEIDER ELECTRIC SE,Energy & Ind.,Europe,29.76,5.51,3.32,4.2,-6.2,10.37,4048999936.0,4.2,2.86,1.86,4,3,3,3
9101.T,NIPPON YUSEN KABUSHIKI KAISHA,Energy & Ind.,Japan,8.48,0.87,1.03,-4.6,-63.2,9.46,0.0,310.0,12.12,23.3,1,5,2,3
7013.T,IHI CORPORATION,Energy & Ind.,Japan,30.86,7.09,2.49,5.9,-22.4,7.53,101883748352.0,20.0,67.12,126.89,4,3,1,3
AV.L,AVIVA PLC ORD 32 17/19P,Technology,UK,23.46,173.94,0.65,37.1,979.5,3.22,-910249984.0,0.39,-8.52,9.24,3,2,4,3
HLMA.L,HALMA PLC ORD 10P,Technology,UK,39.33,687.31,5.67,15.2,37.0,14.39,337950016.0,0.24,6.85,35.36,4,2,2,3
EXPN.L,EXPERIAN PLC ORD USD0.10,Technology,UK,24.06,598.0,3.0,12.2,36.0,17.12,1316749952.0,0.64,-29.6,-26.79,3,2,5,3
SGRO.L,SEGRO PLC ORD 10P,Technology,UK,16.92,76.43,12.93,7.8,-18.6,75.9,207124992.0,0.31,7.17,-0.59,4,3,3,3
TRN.L,TRAINLINE PLC ORD 1P,Technology,UK,12.52,349.43,1.78,2.5,55.7,16.34,67848128.0,0.0,-25.54,-25.28,3,2,5,3
7012.T,KAWASAKI HEAVY INDUSTRIES,Energy & Ind.,Japan,28.65,3.42,1.21,0.0,0.0,0.0,-12137249792.0,155.0,83.88,70.31,3,4,1,3
WELL,Welltower Inc.,Real Estate,US,138.96,3.24,12.61,41.3,-26.3,8.64,2285443328.0,2.89,19.5,35.95,5,3,2,3
SPG,"Simon Property Group, Inc.",Real Estate,US,13.02,11.61,9.42,13.2,358.1,72.71,2338524672.0,8.55,4.55,19.5,3,1,3,3
O,Realty Income Corporation,Real Estate,US,52.09,1.44,9.9,11.0,41.2,18.37,2675889408.0,3.22,5.86,15.44,4,2,3,3
CCI,Crown Castle Inc.,Real Estate,US,32.68,-21.91,8.42,-4.3,0.0,10.41,1372249984.0,4.75,-9.86,-18.94,2,3,5,3
AAL.L,ANGLO AMERICAN PLC ORD USD0.623,Materials,UK,,227.94,1.66,17.5,0.0,-20.17,-591625024.0,0.23,12.39,25.64,4,3,2,3
HEI.DE,Heidelberg Materials AG       I,Materials,Germany,16.53,1.67,1.4,-1.4,5.2,9.03,1573699968.0,0.0,-15.62,-1.79,2,3,4,3
TXN,Texas Instruments Incorporated,Technology,US,34.35,10.43,9.64,10.4,-3.2,28.28,-300624992.0,5.5,5.98,7.88,4,4,3,3
IBM,International Business Machines,Technology,US,21.68,6.94,3.36,12.2,89.9,15.69,13156625408.0,6.71,-8.22,1.6,3,2,4,3
ABNB,"Airbnb, Inc.",Technology,US,31.81,9.44,6.29,12.0,-23.7,20.51,3543000064.0,0.0,1.16,-0.22,3,3,3,3
DIS,Walt Disney Company (The),Telecom & Media,US,14.66,1.63,1.84,5.2,-4.3,12.8,3174500096.0,1.5,-11.93,1.16,3,3,4,3
CHTR,"Charter Communications, Inc.",Telecom & Media,US,5.88,1.68,0.49,-2.3,2.4,9.1,2734625024.0,0.0,-18.87,-41.45,1,3,5,3
CMCSA,Comcast Corporation,Telecom & Media,US,5.38,1.08,0.85,1.2,-52.5,16.17,5592124928.0,1.32,0.22,-12.27,1,4,4,3
VZ,Verizon Communications Inc.,Telecom & Media,US,12.31,2.02,1.53,2.0,-53.3,12.43,17241249792.0,2.74,18.95,21.39,3,4,2,3
BAS.DE,BASF SE                       N,Materials,Germany,28.57,1.23,0.68,-5.6,0.0,2.71,357124992.0,2.25,7.43,-4.46,2,3,3,3
4568.T,DAIICHI SANKYO COMPANY LIMITED,Healthcare,Japan,19.42,3.14,2.59,15.1,42.8,14.84,-105773498368.0,69.0,-17.4,-17.54,3,2,5,3
GNS.L,GENUS PLC ORD 10P,Healthcare,UK,35.99,335.04,2.53,-0.2,1754.2,7.07,30237500.0,0.33,7.82,30.37,4,2,2,3
LMP.L,LONDONMETRIC PROPERTY PLC ORD 1,Healthcare,UK,12.32,91.99,9.98,15.0,-26.3,72.69,197375008.0,0.12,2.57,2.95,4,3,3,3
HLN.L,HALEON PLC ORD GBP0.01,Healthcare,UK,20.87,203.74,3.03,0.6,92.0,15.11,1399500032.0,0.07,13.61,-4.58,4,2,3,3
HIK.L,HIKMA PHARMACEUTICALS PLC ORD S,Healthcare,UK,9.29,141.97,0.82,8.5,23.5,12.0,-62375000.0,0.84,-22.8,-37.95,2,3,5,3
GN.CO,GN Store Nord A/S,Healthcare,Europe,21.54,1.29,0.84,-6.8,-6.5,3.89,648750016.0,0.0,-16.56,-20.51,2,4,5,3
011170.KS,LOTTE CHEMICAL Corp,Materials,South Korea,,,0.19,-1.7,0.0,-11.02,-1262710947840.0,0.0,27.38,22.57,3,4,2,3
004020.KS,HYUNDAI STEEL,Materials,South Korea,,,0.22,2.0,0.0,-0.1,744204140544.0,0.0,4.03,31.42,3,3,2,3
NVDA,NVIDIA Corporation,Technology,US,35.29,26.72,19.46,73.2,95.6,55.6,58128998400.0,0.04,-2.11,46.96,4,1,2,3
UPM.HE,UPM-Kymmene Corporation,Materials,Europe,27.66,1.33,1.37,-12.2,0.0,4.97,1014625024.0,1.5,13.19,-1.77,2,4,3,3
SRT.DE,SARTORIUS AG                  I,Healthcare,Germany,73.63,4.19,3.2,2.3,239.3,4.38,288649984.0,0.74,-5.74,-11.73,4,2,4,3
CRWD,"CrowdStrike Holdings, Inc.",Technology,US,,23.4,21.56,23.3,0.0,-3.38,1604615040.0,0.0,-18.62,12.91,5,2,4,4
SNOW,Snowflake Inc.,Technology,US,,30.03,12.28,30.1,0.0,-28.43,1587485568.0,0.0,-27.1,6.08,5,2,4,4
SAP.DE,SAP SE                        I,Technology,Germany,25.18,4.03,4.88,3.3,5.0,19.46,8479124992.0,2.5,-32.4,-37.95,3,3,5,4
ADSK,"Autodesk, Inc.",Technology,US,47.42,17.27,7.3,19.4,6.3,15.6,2787000064.0,0.0,-23.14,-7.21,4,2,5,4
TEAM,Atlassian Corporation,Technology,US,,12.3,3.38,23.3,0.0,-3.28,1523782144.0,0.0,-56.39,-67.57,4,2,5,4
SHOP,Shopify Inc.,Technology,US,125.57,11.3,13.19,30.6,-42.3,10.65,1286249984.0,0.0,-23.82,12.06,5,3,4,4
SQ,SQ,Technology,US,,,,0.0,0.0,0.0,0.0,0.0,0.0,0.0,4,4,4,4
PANW,"Palo Alto Networks, Inc.",Technology,US,91.03,12.2,13.44,14.9,60.5,12.96,2859225088.0,0.0,-21.73,-10.62,5,2,5,4
ORCL,Oracle Corporation,Technology,US,26.87,12.83,6.72,21.7,24.5,25.3,-22298499072.0,2.0,-51.29,-0.68,4,2,5,4
KAY.L,"Albion KAY VCT PLC"",",Technology,UK,9.5,87.16,,0.0,0.0,0.0,0.0,0.01,0.0,0.0,3,4,4,4
AUTO.L,AUTOTRADER GROUP PLC ORD 1P,Technology,UK,14.34,728.0,6.33,5.0,10.9,47.69,253575008.0,0.11,-38.45,-37.25,3,2,5,4
SGE.L,THE SAGE GROUP PLC ORD 1 4/77P,Technology,UK,22.8,1118.83,3.11,7.7,16.9,14.68,471124992.0,0.22,-23.68,-29.01,3,2,5,4
OCDO.L,OCADO GROUP PLC ORD 2P,Technology,UK,,101.67,1.15,14.3,0.0,29.33,45562500.0,0.0,-14.21,-27.68,4,2,5,4
WTB.L,WHITBREAD PLC ORD 76 122/153P,Technology,UK,16.1,126.46,1.33,-1.9,2.1,8.65,313600000.0,0.97,-27.11,-12.17,3,3,5,4
RMV.L,RIGHTMOVE PLC ORD 0.1P,Technology,UK,15.43,4000.0,7.72,7.9,16.8,51.06,191868128.0,0.11,-40.34,-37.27,4,2,5,4
PSA,Public Storage,Real Estate,US,29.5,9.52,9.65,3.3,-19.3,36.92,2376998656.0,12.0,-2.71,-4.85,4,3,4,4
AMT,American Tower Corporation (REI,Real Estate,US,32.8,22.57,7.78,7.5,-33.2,23.76,4508987392.0,6.8,-6.84,-15.37,4,3,4,4
CRDA.L,CRODA INTERNATIONAL PLC ORD 10.,Energy & Ind.,UK,58.05,162.73,2.1,3.9,-99.0,3.65,65900000.0,1.11,-5.65,-15.87,5,4,4,4
MNDI.L,MONDI PLC ORD EUR 0.22,Energy & Ind.,UK,25.09,86.16,0.46,2.1,0.0,2.15,2375000.0,0.28,-20.67,-35.54,3,3,5,4
NG.L,NATIONAL GRID PLC ORD 12 204/47,Energy & Ind.,UK,20.55,163.31,3.51,-11.3,-12.4,16.43,-3579249920.0,0.47,18.69,24.12,4,5,2,4
6861.T,KEYENCE CORP,Technology,Japan,35.09,4.3,12.81,0.0,0.0,0.0,0.0,450.0,7.02,-2.11,4,4,3,4
AIR.DE,Airbus SE                     A,Energy & Ind.,Germany,24.38,4.85,1.73,5.1,6.5,7.11,-1231250048.0,3.2,-17.01,-1.66,3,3,4,4
MMM,3M Company,Energy & Ind.,US,23.53,15.92,2.98,2.0,-19.9,13.03,1260249984.0,2.92,-9.04,-4.36,4,3,4,4
DCC.L,DCC PLC ORD EUR0.25 (CDI),Energy & Ind.,UK,34.96,169.7,0.22,-7.1,0.0,-0.42,551331008.0,2.1,-6.77,-14.79,3,4,4,4
MC.PA,LVMH,Consumer,Europe,20.97,3.37,2.81,-4.7,-1.4,13.46,11697125376.0,13.0,-11.72,-22.43,3,4,5,4
HON,Honeywell International Inc.,Energy & Ind.,US,31.96,10.12,3.76,-3.3,-76.4,12.63,4661000192.0,4.58,13.48,14.24,4,4,2,4
097950.KS,CJ CheilJedang,Consumer,South Korea,,,0.12,0.0,0.0,-2.09,2242402058240.0,0.0,-7.73,-17.96,3,3,4,4
AIR.PA,AIRBUS SE,Consumer,Europe,24.38,4.85,1.73,5.1,6.5,7.11,-1231250048.0,3.2,-17.16,-1.69,3,3,4,4
NESN.SW,NESTLE N,Consumer,Europe,21.61,5.95,2.17,-2.2,-24.0,10.05,6238374912.0,3.1,5.54,-13.85,3,4,4,4
UTG.L,UNITE GROUP PLC ORD 25P,Real Estate,UK,23.37,48.39,6.46,22.6,0.0,25.23,185224992.0,0.38,-34.45,-42.66,4,2,5,4
SGRO.L,SEGRO PLC ORD 10P,Real Estate,UK,16.92,76.43,12.93,7.8,-18.6,75.9,207124992.0,0.31,7.17,-0.59,4,3,3,4
LAND.L,LAND SECURITIES GROUP PLC ORD 1,Real Estate,UK,16.76,63.95,4.63,12.5,-60.2,27.98,-212500000.0,0.41,-3.88,-2.68,3,4,4,4
REL.L,RELX PLC ORD 14 51/116P,Technology,UK,22.27,1916.99,4.66,1.2,17.0,21.53,2157625088.0,0.68,-27.39,-35.19,4,3,5,4
AFX.DE,Carl Zeiss Meditec AG         I,Technology,Germany,14.62,0.97,0.93,-4.8,0.0,5.47,0.0,0.55,-47.12,-63.56,1,4,5,4
NEM.DE,Nemetschek SE                 I,Technology,Germany,39.15,8.62,6.71,11.8,25.2,18.24,320204992.0,0.68,-35.59,-38.93,4,2,5,4
RI.PA,PERNOD RICARD,Consumer,Europe,11.54,1.05,1.62,-14.9,-18.0,14.06,1504625024.0,2.35,-23.86,-29.66,2,4,5,4
RACE.MI,FERRARI,Consumer,Europe,30.59,12.42,6.78,3.8,-0.2,22.35,839140096.0,3.62,-32.81,-32.83,4,3,5,4
STLAM.MI,STELLANTIS,Consumer,Europe,,0.3,0.1,10.3,0.0,-14.57,-8941500416.0,0.0,-34.52,-46.55,2,3,5,4
RMS.PA,HERMES INTL,Consumer,Europe,38.46,9.21,10.85,3.9,1.8,28.27,4039624960.0,18.0,-22.18,-33.2,4,3,5,4
OR.PA,L'OREAL,Consumer,Europe,30.39,5.31,4.21,1.0,0.4,13.91,5913287680.0,7.2,-7.21,-1.83,4,3,4,4
SAP.DE,SAP SE                        I,Technology,Europe,25.18,4.03,4.88,3.3,5.0,19.46,8479124992.0,2.5,-32.4,-37.95,3,3,5,4
7211.T,MITSUBISHI MOTOR CORP,Consumer,Japan,136.73,0.52,0.17,4.9,0.0,0.12,0.0,12.5,-16.72,-19.52,2,4,5,4
6758.T,SONY GROUP CORPORATION,Consumer,Japan,15.85,2.39,1.48,0.5,0.0,-1.61,-79850749952.0,22.5,-23.28,-10.67,2,4,5,4
MKS.L,MARKS AND SPENCER GROUP PLC ORD,Consumer,UK,330.6,239.91,0.44,22.5,-97.8,0.13,450812512.0,0.04,-8.24,-0.95,4,3,4,4
ABF.L,ASSOCIATED BRITISH FOODS PLC OR,Consumer,UK,12.46,113.94,0.64,-3.8,-33.7,5.27,677625024.0,0.63,-11.1,-8.02,3,4,4,4
RKT.L,RECKITT BENCKISER GROUP PLC ORD,Consumer,UK,10.42,462.64,2.31,0.0,0.0,22.4,3006374912.0,2.12,-12.42,-5.85,3,3,4,4
293940.KS,Shinhan Alpha REIT,Real Estate,South Korea,,,,0.0,0.0,0.0,0.0,0.0,6.67,2.85,4,4,3,4
365550.KS,ESRKSREIT,Real Estate,South Korea,,,,0.0,0.0,0.0,0.0,0.0,-5.98,-10.23,4,4,4,4
011200.KS,HMM,Energy & Ind.,South Korea,,,1.84,-14.2,-55.9,17.25,761124880384.0,0.0,-4.97,9.25,4,4,3,4
096770.KS,SK Innovation,Energy & Ind.,South Korea,,,0.24,0.0,0.0,-4.17,-3715992649728.0,0.0,6.85,-7.38,3,4,4,4
373220.KS,LG Energy Solution,Energy & Ind.,South Korea,,,3.71,0.0,0.0,-4.53,-9645719552000.0,0.0,8.21,12.26,4,4,3,4
DGE.L,DIAGEO PLC ORD 28 101/108P,Consumer,UK,17.28,357.79,1.57,-4.0,2.9,12.19,958124992.0,0.83,-21.28,-32.56,3,3,5,4
ULVR.L,UNILEVER PLC ORD 3.5P,Consumer,UK,20.61,742.22,1.99,0.0,0.0,18.75,6273124864.0,1.98,-3.51,-5.82,4,3,4,4
B4B.DE,B4B.DE,Consumer,Germany,,,,0.0,0.0,0.0,0.0,0.0,0.0,0.0,4,4,4,4
HFG.DE,HelloFresh SE                 I,Consumer,Germany,,0.79,0.08,-14.3,0.0,-1.37,136850000.0,0.0,-53.23,-56.27,2,4,5,4
PUM.DE,PUMA SE                       I,Consumer,Germany,,1.68,0.4,-31.6,0.0,-8.85,8462500.0,0.0,-7.13,-13.52,3,4,4,4
CON.DE,CONTINENTAL AG                I,Consumer,Germany,,2.94,0.59,-4.3,-99.4,-0.84,1772375040.0,2.7,3.21,-15.5,3,4,4,4
PAH3.DE,Porsche Automobil Holding SE  I,Consumer,Germany,,0.27,,0.0,0.0,0.0,-503000000.0,1.91,-10.53,-11.9,3,4,4,4
ADS.DE,adidas AG                     N,Consumer,Germany,17.9,4.13,0.95,1.9,0.0,5.4,344049984.0,2.8,-25.56,-39.58,3,3,5,4
CMG,"Chipotle Mexican Grill, Inc.",Consumer,US,29.27,15.38,3.7,4.9,4.0,12.88,1011670272.0,0.0,-15.13,-31.24,4,2,5,4
BRBY.L,BURBERRY GROUP PLC ORD 0.05P,Consumer,UK,,408.58,1.51,-5.0,0.0,-1.12,450875008.0,0.0,-11.24,14.56,4,3,4,4
SBUX,Starbucks Corporation,Consumer,US,77.12,-12.57,2.8,5.5,-62.5,3.63,-1439387520.0,2.46,10.95,-2.03,3,4,3,4
NKE,"Nike, Inc.",Consumer,US,30.63,5.5,1.67,0.6,-32.1,5.43,2576624896.0,1.61,-25.16,-20.98,3,4,5,4
WPP.L,WPP PLC ORD 10P,Telecom & Media,UK,,96.43,0.18,-8.3,0.0,-1.59,-63250000.0,0.15,-37.01,-63.96,3,4,5,4
SO,Southern Company (The),Utilities,US,23.82,2.9,3.54,10.1,-22.1,14.69,-3460124928.0,2.94,3.37,7.94,4,4,3,4
PG,Procter & Gamble Company (The),Consumer,US,21.37,6.41,3.96,1.5,-5.4,19.3,13253374976.0,4.18,-6.23,-11.07,4,3,4,4
HD,"Home Depot, Inc. (The)",Consumer,US,22.52,24.93,1.94,-3.8,-14.2,8.6,8622749696.0,9.23,-21.82,-6.35,4,4,5,4
TSLA,"Tesla, Inc.",Consumer,US,343.89,16.8,14.56,-3.1,-60.6,4.0,3732624896.0,0.0,-13.64,47.95,5,4,3,4
323410.KS,KakaoBank,Finance,South Korea,,,7.34,2.7,-10.3,28.19,0.0,0.0,6.55,10.71,5,4,3,4
316140.KS,WooriFinancialGroup,Finance,South Korea,,,2.49,5.7,-23.8,31.36,0.0,0.0,0.0,0.0,4,4,4,4
LULU,lululemon athletica inc.,Consumer,US,12.29,3.82,1.72,0.8,-18.5,14.22,824078400.0,0.0,-4.01,-49.53,3,3,5,4
SOON.SW,SONOVA N,Technology,Europe,20.49,4.38,2.77,-1.0,-8.4,13.52,740124992.0,4.4,-25.31,-32.51,2,4,5,4
MMC,MMC,Finance,US,,,,0.0,0.0,0.0,0.0,0.0,0.0,0.0,5,4,4,4
LSEG.L,LONDON STOCK EXCHANGE GROUP PLC,Finance,UK,36.55,220.99,4.63,4.6,80.4,13.36,2053624960.0,1.5,5.87,-22.99,5,2,4,4
LGEN.L,LEGAL & GENERAL GROUP PLC ORD 2,Finance,UK,29.54,743.08,1.21,13.9,0.0,5.39,-17395374080.0,0.22,-0.46,-3.19,4,3,4,4
SHW,Sherwin-Williams Company (The),Materials,US,29.58,16.26,3.19,5.6,1.4,10.9,1928737536.0,3.16,-12.08,-8.42,4,2,4,4
NG.L,NATIONAL GRID PLC ORD 12 204/47,Utilities,UK,20.55,163.31,3.51,-11.3,-12.4,16.43,-3579249920.0,0.47,18.69,24.12,4,5,2,4
GKB.DE,GKB.DE,Finance,Germany,,,,0.0,0.0,0.0,0.0,0.0,0.0,0.0,5,4,4,4
DB1.DE,DEUTSCHE BOERSE AG            N,Finance,Germany,22.32,3.92,6.04,4.3,-2.9,27.03,1755500032.0,4.2,7.42,-7.31,5,3,3,4
SPGI,S&P Global Inc.,Finance,US,28.99,4.07,8.38,9.0,32.0,29.15,4877749760.0,3.84,-15.95,-14.08,5,2,5,4
MA,Mastercard Incorporated,Finance,US,30.03,57.35,13.51,17.6,24.2,45.65,16269375488.0,3.15,-14.8,-6.81,5,2,4,4
V,Visa Inc.,Finance,US,28.32,15.06,14.05,14.6,17.4,50.23,22032250880.0,2.52,-11.35,-9.47,5,2,4,4
JPM,JP Morgan Chase & Co.,Finance,US,14.31,2.26,4.59,2.5,-3.6,33.91,0.0,5.8,-8.11,21.03,4,4,3,4
326030.KS,SKBP,Healthcare,South Korea,,,10.93,19.2,-28.2,37.77,112027729920.0,0.0,-9.87,-5.1,5,3,4,4
000100.KS,Yuhan,Healthcare,South Korea,,,3.43,10.1,0.0,8.88,-95031836672.0,0.0,-15.9,-23.09,4,3,5,4
BSX,Boston Scientific Corporation,Healthcare,US,35.81,4.25,5.14,15.9,18.5,14.44,3241750016.0,0.0,-28.98,-31.0,4,2,5,4
ZTS,Zoetis Inc.,Healthcare,US,19.25,14.76,5.38,3.0,6.1,28.24,1790875008.0,2.0,-20.09,-28.02,4,3,5,4
LONN.SW,LONZA N,Healthcare,Europe,35.84,3.58,5.01,0.0,0.0,14.53,-3217625088.0,5.0,-14.18,-17.11,4,4,5,4
NVO,Novo Nordisk A/S,Healthcare,Europe,10.35,5.4,0.53,-7.6,-4.7,33.14,376875008.0,11.7,-40.5,-51.16,2,4,5,4
BLK,"BlackRock, Inc.",Finance,US,27.1,2.66,6.15,23.4,-31.7,22.93,7034250240.0,20.84,-15.31,2.72,5,3,4,4
SHL.DE,Siemens Healthineers AG       N,Healthcare,Germany,19.34,2.23,1.75,-1.5,-4.8,9.1,2111500032.0,1.0,-20.62,-27.21,2,4,5,4
CRDA.L,CRODA INTERNATIONAL PLC ORD 10.,Materials,UK,58.05,162.73,2.1,3.9,-99.0,3.65,65900000.0,1.11,-5.65,-15.87,4,4,4,4
SY1.DE,Symrise AG                    I,Materials,Germany,39.01,2.61,1.97,-2.4,0.0,5.06,229320496.0,1.25,-8.29,-24.62,3,3,5,4
INTU,Intuit Inc.,Technology,US,29.68,6.63,6.3,41.0,-18.5,21.57,5301374976.0,4.48,-33.53,-24.07,3,2,5,4
NOW,"ServiceNow, Inc.",Technology,US,66.1,8.92,8.77,20.7,3.4,13.16,4951625216.0,0.0,-42.58,-33.33,4,2,5,4
NFLX,"Netflix, Inc.",Telecom & Media,US,36.29,14.57,8.62,17.6,32.7,24.3,24817524736.0,0.0,-25.17,-4.38,5,2,5,4
TMUS,"T-Mobile US, Inc.",Telecom & Media,US,21.47,3.9,2.64,11.3,-26.6,12.45,7996499968.0,3.8,-11.61,-17.12,4,3,5,4
CTEC.L,CONVATEC GROUP PLC ORD 10P,Healthcare,UK,36.53,376.28,1.76,7.1,-36.5,7.18,241500000.0,0.07,-8.21,-15.35,4,3,4,4
207940.KS,SAMSUNG BIOLOGICS,Healthcare,South Korea,,,16.26,0.0,0.0,39.16,449029537792.0,0.0,0.03,-2.87,5,3,4,4
DIM.PA,SARTORIUS STED BIO,Healthcare,Europe,60.22,3.91,5.39,2.8,4.1,8.95,177200000.0,0.69,-12.18,-15.7,4,3,5,4
DSFIR.AS,DSM FIRMENICH AG,Materials,Europe,48.03,0.8,1.62,0.0,0.0,-11.97,-32125000.0,2.5,-20.34,-37.21,2,4,5,4
AFX.DE,Carl Zeiss Meditec AG         I,Healthcare,Germany,14.62,0.97,0.93,-4.8,0.0,5.47,0.0,0.55,-47.12,-63.56,1,4,5,4
EVT.DE,Evotec SE                     I,Healthcare,Germany,,0.95,1.01,-11.4,0.0,-21.02,-207618880.0,0.0,-31.49,-33.64,2,4,5,4
